{"intercept": 0.34262039329858, "coef": 4.445545081692597e-05}