{"intercept": 0.31092370416504067, "coef": 5.245731198930283e-05}