{"intercept": 0.31080413111021493, "coef": 5.2461621828799415e-05}