{"intercept": 0.3426203932985801, "coef": 4.445545081692596e-05}