{"intercept": 0.34251451515749337, "coef": 4.446123281397045e-05}