{"intercept": 0.31092370416504067, "coef": 5.2457311989302803e-05}